,sample1,sample2,sample3
sample1,0.0,0.003052045062547637,0.0056167888125877585
sample2,0.003052045062547637,0.0,0.008668833875135395
sample3,0.0056167888125877585,0.008668833875135395,0.0
