,sample1,sample2,sample3
sample1,0.0,0.0014408363995761508,0.008829130359513049
sample2,0.0014408363995761508,0.0,0.007388293959936898
sample3,0.008829130359513049,0.007388293959936898,0.0
