,sample1,sample2,sample3
sample1,0.0,0.0005468400067049073,0.0016176205223467077
sample2,0.0005468400067049073,0.0,0.0010707805156418004
sample3,0.0016176205223467077,0.0010707805156418004,0.0
