,sample1,sample2,sample3
sample1,1.0,0.9967362174430097,0.11476814977904781
sample2,0.9967362174430097,1.0,0.5582846992085801
sample3,0.11476814977904781,0.5582846992085801,1.0
