,sample1,sample2,sample3
sample1,0.0,0.0021553007299444094,0.007973605122892469
sample2,0.0021553007299444094,0.0,0.005818304392948059
sample3,0.007973605122892469,0.005818304392948059,0.0
