,sample1,sample2,sample3
sample1,1.0,0.9640783016467558,0.45501358276913584
sample2,0.9640783016467558,1.0,0.9995545031454994
sample3,0.45501358276913584,0.9995545031454994,1.0
