,sample1,sample2,sample3
sample1,0.0,0.0005365191063023689,0.003288380780641198
sample2,0.0005365191063023689,0.0,0.002751861674338829
sample3,0.003288380780641198,0.002751861674338829,0.0
