,sample1,sample2,sample3
sample1,1.0,0.9996906249684587,0.00019947377421647165
sample2,0.9996906249684587,1.0,0.0031540554034982173
sample3,0.00019947377421647165,0.0031540554034982173,1.0
