,sample1,sample2,sample3
sample1,0.0,0.0007654495783570026,0.0013125347064465442
sample2,0.0007654495783570026,0.0,0.0005470851280895417
sample3,0.0013125347064465442,0.0005470851280895417,0.0
