,sample1,sample2,sample3
sample1,1.0,0.5602212079812241,0.04001673439223252
sample2,0.5602212079812241,1.0,0.8527129196507635
sample3,0.04001673439223252,0.8527129196507635,1.0
