,sample1,sample2,sample3
sample1,0.0,7.044014524759667e-05,0.001065994198080067
sample2,7.044014524759667e-05,0.0,0.0011364343433276636
sample3,0.001065994198080067,0.0011364343433276636,0.0
