,sample1,sample2,sample3
sample1,0.0,0.0012103964958376512,0.0021425544179471956
sample2,0.0012103964958376512,0.0,0.0009321579221095444
sample3,0.0021425544179471956,0.0009321579221095444,0.0
