,sample1,sample2,sample3
sample1,1.0,1.0,0.7180013855565012
sample2,1.0,1.0,0.6408178174741035
sample3,0.7180013855565012,0.6408178174741035,1.0
